 {
    "CSE":
        {
            "subject":[ "Operating System", "Data Structure", "Computer Network", "Artificial Intaligens", "Computer Application" ],
            "pass":[80,80,100, 90, 95],
            "fail":[8,8,10, 9, 5]
        },
    "MECH":
        {
            "subject":[ "Fluid mechanics", "Thermodynamics", "Engineering mathematics", "Manufacturing Technology", "Kinematics" ],
            "pass":[80,80,100, 90, 95],
            "fail":[80,80,100, 90, 95]
        },
    "EEE":
        {
            "subject":[ "Electric circuits", "DElectromagnetismS", "Kinematics", "Control system", "Computer programming" ],
            "pass":[80,80,100, 90, 95],
            "fail":[80,80,100, 90, 95]
        },
    "ECE":
        {
            "subject":[ "Control system", "Kinematics", "Electromagnetism", "Electric circuits", "Computer programming" ],
            "pass":[80,80,100, 90, 95],
            "fail":[80,80,100, 90, 95]
        },
    "IT":
        {
            "subject":[ "Electric circuits", "Computer programming", "Electromagnetism", "Kinematics", "Control system" ],
            "pass":[80,80,100, 90, 95],
            "fail":[80,80,100, 90, 95]
        }
        
    
}